{
    "key": "group_5a0ea92a084a4",
    "title": "Theme Settings",
    "fields": [
        {
            "key": "field_5a0ea9499aa5c",
            "label": "Logos",
            "name": "",
            "type": "tab",
            "instructions": "",
            "required": 0,
            "conditional_logic": 0,
            "wrapper": {
                "width": "",
                "class": "",
                "id": ""
            },
            "placement": "left",
            "endpoint": 0
        },
        {
            "key": "field_5a0ea95c9aa5d",
            "label": "Header Logo",
            "name": "header_logo",
            "type": "image",
            "instructions": "",
            "required": 0,
            "conditional_logic": 0,
            "wrapper": {
                "width": "",
                "class": "",
                "id": ""
            },
            "return_format": "url",
            "preview_size": "full",
            "library": "all",
            "min_width": "",
            "min_height": "",
            "min_size": "",
            "max_width": "",
            "max_height": "",
            "max_size": "",
            "mime_types": ""
        },
        {
            "key": "field_5a0ea98a9aa5e",
            "label": "Footer Logo",
            "name": "footer_logo",
            "type": "image",
            "instructions": "",
            "required": 0,
            "conditional_logic": 0,
            "wrapper": {
                "width": "",
                "class": "",
                "id": ""
            },
            "return_format": "url",
            "preview_size": "full",
            "library": "all",
            "min_width": "",
            "min_height": "",
            "min_size": "",
            "max_width": "",
            "max_height": "",
            "max_size": "",
            "mime_types": ""
        },
        {
            "key": "field_5a0eb1eaa6a75",
            "label": "Company Information",
            "name": "",
            "type": "tab",
            "instructions": "",
            "required": 0,
            "conditional_logic": 0,
            "wrapper": {
                "width": "",
                "class": "",
                "id": ""
            },
            "placement": "left",
            "endpoint": 0
        },
        {
            "key": "field_5a11f11953c73",
            "label": "Company Name",
            "name": "company_name",
            "type": "text",
            "instructions": "",
            "required": 0,
            "conditional_logic": 0,
            "wrapper": {
                "width": "",
                "class": "",
                "id": ""
            },
            "default_value": "KIN Coworking",
            "placeholder": "",
            "prepend": "",
            "append": "",
            "maxlength": ""
        },
        {
            "key": "field_5a11f14c53c75",
            "label": "Company Email",
            "name": "company_email",
            "type": "email",
            "instructions": "",
            "required": 0,
            "conditional_logic": 0,
            "wrapper": {
                "width": "",
                "class": "",
                "id": ""
            },
            "default_value": "info@kincoworking.com",
            "placeholder": "",
            "prepend": "",
            "append": ""
        },
        {
            "key": "field_5a918ae748c7d",
            "label": "Company Phone",
            "name": "company_phone",
            "type": "text",
            "instructions": "",
            "required": 0,
            "conditional_logic": 0,
            "wrapper": {
                "width": "",
                "class": "",
                "id": ""
            },
            "default_value": "",
            "placeholder": "",
            "prepend": "",
            "append": "",
            "maxlength": ""
        },
        {
            "key": "field_5a11f13653c74",
            "label": "Company Address",
            "name": "company_address",
            "type": "textarea",
            "instructions": "",
            "required": 0,
            "conditional_logic": 0,
            "wrapper": {
                "width": "",
                "class": "",
                "id": ""
            },
            "default_value": "1407 Saint-Alexandre, Suite 200 \r\nMontreal, Quebec \r\nH3A 2G3",
            "placeholder": "",
            "maxlength": "",
            "rows": 4,
            "new_lines": "br"
        },
        {
            "key": "field_5a11f336b0f12",
            "label": "Social Profiles",
            "name": "social_profiles",
            "type": "repeater",
            "instructions": "",
            "required": 0,
            "conditional_logic": 0,
            "wrapper": {
                "width": "",
                "class": "",
                "id": ""
            },
            "collapsed": "field_5a0eb213a6a78",
            "min": 0,
            "max": 0,
            "layout": "table",
            "button_label": "Add Profile",
            "sub_fields": [
                {
                    "key": "field_5a0eb213a6a78",
                    "label": "Network",
                    "name": "network",
                    "type": "select",
                    "instructions": "",
                    "required": 1,
                    "conditional_logic": 0,
                    "wrapper": {
                        "width": "",
                        "class": "",
                        "id": ""
                    },
                    "choices": {
                        "facebook": "Facebook",
                        "twitter": "Twitter",
                        "linkedin": "LinkedIn",
                        "youtube": "Youtube",
                        "googleplus": "Google+"
                    },
                    "default_value": [],
                    "allow_null": 0,
                    "multiple": 0,
                    "ui": 0,
                    "ajax": 0,
                    "return_format": "array",
                    "placeholder": ""
                },
                {
                    "key": "field_5a918b97f7874",
                    "label": "Profile URL",
                    "name": "url",
                    "type": "url",
                    "instructions": "",
                    "required": 1,
                    "conditional_logic": 0,
                    "wrapper": {
                        "width": "",
                        "class": "",
                        "id": ""
                    },
                    "default_value": "",
                    "placeholder": ""
                }
            ]
        },
        {
            "key": "field_5a0ec829dcbd4",
            "label": "Copyright Message",
            "name": "",
            "type": "tab",
            "instructions": "",
            "required": 0,
            "conditional_logic": 0,
            "wrapper": {
                "width": "",
                "class": "",
                "id": ""
            },
            "placement": "left",
            "endpoint": 0
        },
        {
            "key": "field_5a0ec83cdcbd5",
            "label": "Copyright Message",
            "name": "copyright_message",
            "type": "wysiwyg",
            "instructions": "Use {{year}} to include current year.",
            "required": 1,
            "conditional_logic": 0,
            "wrapper": {
                "width": "",
                "class": "",
                "id": ""
            },
            "default_value": "",
            "tabs": "text",
            "toolbar": "basic",
            "media_upload": 0,
            "delay": 1
        },
        {
            "key": "field_5a918da1fb9aa",
            "label": "Header & Footer Snippets",
            "name": "",
            "type": "tab",
            "instructions": "",
            "required": 0,
            "conditional_logic": 0,
            "wrapper": {
                "width": "",
                "class": "",
                "id": ""
            },
            "placement": "left",
            "endpoint": 0
        },
        {
            "key": "field_5a918de5fb9ab",
            "label": "Head Snippets",
            "name": "head_snippets",
            "type": "repeater",
            "instructions": "This will be printed before &lt;\/head&gt; Recommended for adding CSS and meta information e.g. google site verification",
            "required": 0,
            "conditional_logic": 0,
            "wrapper": {
                "width": "",
                "class": "",
                "id": ""
            },
            "collapsed": "field_5a9191cce7453",
            "min": 0,
            "max": 0,
            "layout": "block",
            "button_label": "Add Snippet",
            "sub_fields": [
                {
                    "key": "field_5a9191cce7453",
                    "label": "Snippet Name\/Title",
                    "name": "name",
                    "type": "text",
                    "instructions": "",
                    "required": 0,
                    "conditional_logic": 0,
                    "wrapper": {
                        "width": "",
                        "class": "",
                        "id": ""
                    },
                    "default_value": "",
                    "placeholder": "",
                    "prepend": "",
                    "append": "",
                    "maxlength": ""
                },
                {
                    "key": "field_5a919115261d6",
                    "label": "Code\/Snippet",
                    "name": "snippet",
                    "type": "textarea",
                    "instructions": "",
                    "required": 1,
                    "conditional_logic": 0,
                    "wrapper": {
                        "width": "",
                        "class": "",
                        "id": ""
                    },
                    "default_value": "",
                    "placeholder": "",
                    "maxlength": "",
                    "rows": 10,
                    "new_lines": ""
                }
            ]
        },
        {
            "key": "field_5a919179261d7",
            "label": "Body Snippets",
            "name": "body_snippets",
            "type": "repeater",
            "instructions": "This will be printed right after &lt;body&gt; Recommended for adding tracking snippets e.g. Google Tag Manager, Google Analytics etc",
            "required": 0,
            "conditional_logic": 0,
            "wrapper": {
                "width": "",
                "class": "",
                "id": ""
            },
            "collapsed": "field_5a9191d9e7454",
            "min": 0,
            "max": 0,
            "layout": "block",
            "button_label": "Add Snippet",
            "sub_fields": [
                {
                    "key": "field_5a9191d9e7454",
                    "label": "Snippet Name\/Title",
                    "name": "name",
                    "type": "text",
                    "instructions": "",
                    "required": 0,
                    "conditional_logic": 0,
                    "wrapper": {
                        "width": "",
                        "class": "",
                        "id": ""
                    },
                    "default_value": "",
                    "placeholder": "",
                    "prepend": "",
                    "append": "",
                    "maxlength": ""
                },
                {
                    "key": "field_5a91917a261d8",
                    "label": "Code\/Snippet",
                    "name": "snippet",
                    "type": "textarea",
                    "instructions": "",
                    "required": 1,
                    "conditional_logic": 0,
                    "wrapper": {
                        "width": "",
                        "class": "",
                        "id": ""
                    },
                    "default_value": "",
                    "placeholder": "",
                    "maxlength": "",
                    "rows": 10,
                    "new_lines": ""
                }
            ]
        },
        {
            "key": "field_5a919191261d9",
            "label": "Footer Snippets",
            "name": "footer_snippets",
            "type": "repeater",
            "instructions": "This will be printed before &lt;\/footer&gt; Recommended for adding DOM manipulating JS.",
            "required": 0,
            "conditional_logic": 0,
            "wrapper": {
                "width": "",
                "class": "",
                "id": ""
            },
            "collapsed": "field_5a919207e7455",
            "min": 0,
            "max": 0,
            "layout": "block",
            "button_label": "Add Snippet",
            "sub_fields": [
                {
                    "key": "field_5a919207e7455",
                    "label": "Snippet Name\/Title",
                    "name": "name",
                    "type": "text",
                    "instructions": "",
                    "required": 0,
                    "conditional_logic": 0,
                    "wrapper": {
                        "width": "",
                        "class": "",
                        "id": ""
                    },
                    "default_value": "",
                    "placeholder": "",
                    "prepend": "",
                    "append": "",
                    "maxlength": ""
                },
                {
                    "key": "field_5a919191261da",
                    "label": "Code\/Snippet",
                    "name": "snippet",
                    "type": "textarea",
                    "instructions": "",
                    "required": 1,
                    "conditional_logic": 0,
                    "wrapper": {
                        "width": "",
                        "class": "",
                        "id": ""
                    },
                    "default_value": "",
                    "placeholder": "",
                    "maxlength": "",
                    "rows": 10,
                    "new_lines": ""
                }
            ]
        },
        {
            "key": "field_5a91db9ce3992",
            "label": "Header",
            "name": "",
            "type": "tab",
            "instructions": "",
            "required": 0,
            "conditional_logic": 0,
            "wrapper": {
                "width": "",
                "class": "",
                "id": ""
            },
            "placement": "left",
            "endpoint": 0
        },
        {
            "key": "field_5a91dba7e3993",
            "label": "CTA Phrase",
            "name": "header_cta_phrase",
            "type": "text",
            "instructions": "",
            "required": 0,
            "conditional_logic": 0,
            "wrapper": {
                "width": "",
                "class": "",
                "id": ""
            },
            "default_value": "Have Questions? Call Us!",
            "placeholder": "",
            "prepend": "",
            "append": "",
            "maxlength": ""
        },
        {
            "key": "field_5a91dbd4e3994",
            "label": "Phone Number",
            "name": "header_phone_number",
            "type": "true_false",
            "instructions": "",
            "required": 0,
            "conditional_logic": 0,
            "wrapper": {
                "width": "",
                "class": "",
                "id": ""
            },
            "message": "Show phone number?",
            "default_value": 1,
            "ui": 1,
            "ui_on_text": "",
            "ui_off_text": ""
        },
        {
            "key": "field_5a933e7f621ac",
            "label": "Login Button",
            "name": "header_login_button",
            "type": "link",
            "instructions": "",
            "required": 0,
            "conditional_logic": 0,
            "wrapper": {
                "width": "",
                "class": "",
                "id": ""
            },
            "return_format": "array"
        },
        {
            "key": "field_5a933ea1621ae",
            "label": "Signup Button",
            "name": "header_signup_button",
            "type": "link",
            "instructions": "",
            "required": 0,
            "conditional_logic": 0,
            "wrapper": {
                "width": "",
                "class": "",
                "id": ""
            },
            "return_format": "array"
        }
    ],
    "location": [
        [
            {
                "param": "options_page",
                "operator": "==",
                "value": "theme-general-settings"
            }
        ]
    ],
    "menu_order": 0,
    "position": "normal",
    "style": "default",
    "label_placement": "top",
    "instruction_placement": "label",
    "hide_on_screen": "",
    "active": 1,
    "description": "",
    "modified": 1519606533
}