{
    "key": "group_5a10b90edb90e",
    "title": "Composer",
    "fields": [
        {
            "key": "field_5a10c0bbf01de",
            "label": "Composer",
            "name": "composer",
            "type": "flexible_content",
            "instructions": "",
            "required": 0,
            "conditional_logic": 0,
            "wrapper": {
                "width": "",
                "class": "",
                "id": ""
            },
            "layouts": {
                "5a10c1aeb8a44": {
                    "key": "5a10c1aeb8a44",
                    "name": "pricing_block",
                    "label": "Pricing Block",
                    "display": "block",
                    "sub_fields": [
                        {
                            "key": "field_5aa8d89db2b54",
                            "label": "Heading",
                            "name": "heading",
                            "type": "text",
                            "instructions": "",
                            "required": 0,
                            "conditional_logic": 0,
                            "wrapper": {
                                "width": "",
                                "class": "",
                                "id": ""
                            },
                            "default_value": "",
                            "placeholder": "",
                            "prepend": "",
                            "append": "",
                            "maxlength": ""
                        },
                        {
                            "key": "field_5aa8d8a4b2b55",
                            "label": "Subheading",
                            "name": "subheading",
                            "type": "text",
                            "instructions": "",
                            "required": 0,
                            "conditional_logic": 0,
                            "wrapper": {
                                "width": "",
                                "class": "",
                                "id": ""
                            },
                            "default_value": "",
                            "placeholder": "",
                            "prepend": "",
                            "append": "",
                            "maxlength": ""
                        },
                        {
                            "key": "field_5aa8d8cdb2b56",
                            "label": "Plans Panel",
                            "name": "",
                            "type": "tab",
                            "instructions": "",
                            "required": 0,
                            "conditional_logic": 0,
                            "wrapper": {
                                "width": "",
                                "class": "",
                                "id": ""
                            },
                            "placement": "top",
                            "endpoint": 0
                        },
                        {
                            "key": "field_5aa8e8d4c5675",
                            "label": "Plans Panel Visibility",
                            "name": "show_plans_panel",
                            "type": "true_false",
                            "instructions": "Unchecking\/disabling this option will not print\/display the Plans Panel and values of the following fields will be disregarded.",
                            "required": 0,
                            "conditional_logic": 0,
                            "wrapper": {
                                "width": "",
                                "class": "",
                                "id": ""
                            },
                            "message": "Show Plans Panel?",
                            "default_value": 1,
                            "ui": 1,
                            "ui_on_text": "",
                            "ui_off_text": ""
                        },
                        {
                            "key": "field_5aa8e978c5677",
                            "label": "Plans",
                            "name": "plans",
                            "type": "repeater",
                            "instructions": "",
                            "required": 0,
                            "conditional_logic": 0,
                            "wrapper": {
                                "width": "",
                                "class": "",
                                "id": ""
                            },
                            "collapsed": "field_5aa8e994c5678",
                            "min": 0,
                            "max": 2,
                            "layout": "row",
                            "button_label": "Add Plan",
                            "sub_fields": [
                                {
                                    "key": "field_5aa8e994c5678",
                                    "label": "Plan Title",
                                    "name": "title",
                                    "type": "text",
                                    "instructions": "",
                                    "required": 1,
                                    "conditional_logic": 0,
                                    "wrapper": {
                                        "width": "",
                                        "class": "",
                                        "id": ""
                                    },
                                    "default_value": "",
                                    "placeholder": "",
                                    "prepend": "",
                                    "append": "",
                                    "maxlength": ""
                                },
                                {
                                    "key": "field_5aa8eb35baf63",
                                    "label": "Plan Tab Text",
                                    "name": "tab_text",
                                    "type": "text",
                                    "instructions": "",
                                    "required": 1,
                                    "conditional_logic": 0,
                                    "wrapper": {
                                        "width": "",
                                        "class": "",
                                        "id": ""
                                    },
                                    "default_value": "",
                                    "placeholder": "",
                                    "prepend": "",
                                    "append": "",
                                    "maxlength": ""
                                },
                                {
                                    "key": "field_5aa8e9bfc5679",
                                    "label": "Plan Price",
                                    "name": "price",
                                    "type": "text",
                                    "instructions": "",
                                    "required": 1,
                                    "conditional_logic": 0,
                                    "wrapper": {
                                        "width": "",
                                        "class": "",
                                        "id": ""
                                    },
                                    "default_value": "",
                                    "placeholder": "",
                                    "prepend": "$",
                                    "append": "",
                                    "maxlength": ""
                                },
                                {
                                    "key": "field_5aa8e9fec567a",
                                    "label": "Price Subtext",
                                    "name": "subtext",
                                    "type": "text",
                                    "instructions": "",
                                    "required": 0,
                                    "conditional_logic": 0,
                                    "wrapper": {
                                        "width": "",
                                        "class": "",
                                        "id": ""
                                    },
                                    "default_value": "",
                                    "placeholder": "",
                                    "prepend": "",
                                    "append": "",
                                    "maxlength": ""
                                },
                                {
                                    "key": "field_5aa8ea1ac567b",
                                    "label": "Plan Description",
                                    "name": "description",
                                    "type": "textarea",
                                    "instructions": "",
                                    "required": 0,
                                    "conditional_logic": 0,
                                    "wrapper": {
                                        "width": "",
                                        "class": "",
                                        "id": ""
                                    },
                                    "default_value": "",
                                    "placeholder": "",
                                    "maxlength": "",
                                    "rows": 3,
                                    "new_lines": "wpautop"
                                },
                                {
                                    "key": "field_5aa8ea40c567c",
                                    "label": "Plan Features (bulleted)",
                                    "name": "features",
                                    "type": "repeater",
                                    "instructions": "",
                                    "required": 0,
                                    "conditional_logic": 0,
                                    "wrapper": {
                                        "width": "",
                                        "class": "",
                                        "id": ""
                                    },
                                    "collapsed": "",
                                    "min": 0,
                                    "max": 0,
                                    "layout": "table",
                                    "button_label": "",
                                    "sub_fields": [
                                        {
                                            "key": "field_5aa8ea7ac567d",
                                            "label": "Feature",
                                            "name": "feature",
                                            "type": "text",
                                            "instructions": "",
                                            "required": 0,
                                            "conditional_logic": 0,
                                            "wrapper": {
                                                "width": "",
                                                "class": "",
                                                "id": ""
                                            },
                                            "default_value": "",
                                            "placeholder": "",
                                            "prepend": "✔",
                                            "append": "",
                                            "maxlength": ""
                                        }
                                    ]
                                },
                                {
                                    "key": "field_5aa8ec90b1aa1",
                                    "label": "Plan Button Type",
                                    "name": "button_type",
                                    "type": "radio",
                                    "instructions": "",
                                    "required": 1,
                                    "conditional_logic": 0,
                                    "wrapper": {
                                        "width": "",
                                        "class": "",
                                        "id": ""
                                    },
                                    "choices": {
                                        "toggle": "Toggle",
                                        "link": "Link"
                                    },
                                    "allow_null": 0,
                                    "other_choice": 0,
                                    "save_other_choice": 0,
                                    "default_value": "toggle",
                                    "layout": "horizontal",
                                    "return_format": "value"
                                },
                                {
                                    "key": "field_5aa8ed0ab1aa2",
                                    "label": "Plan Button Link",
                                    "name": "button_link",
                                    "type": "link",
                                    "instructions": "",
                                    "required": 1,
                                    "conditional_logic": [
                                        [
                                            {
                                                "field": "field_5aa8ec90b1aa1",
                                                "operator": "==",
                                                "value": "link"
                                            }
                                        ]
                                    ],
                                    "wrapper": {
                                        "width": "",
                                        "class": "",
                                        "id": ""
                                    },
                                    "return_format": "array"
                                },
                                {
                                    "key": "field_5aa8ed3eb1aa3",
                                    "label": "Toggle Button Text",
                                    "name": "toggle_button_text",
                                    "type": "text",
                                    "instructions": "",
                                    "required": 1,
                                    "conditional_logic": [
                                        [
                                            {
                                                "field": "field_5aa8ec90b1aa1",
                                                "operator": "==",
                                                "value": "toggle"
                                            }
                                        ]
                                    ],
                                    "wrapper": {
                                        "width": "",
                                        "class": "",
                                        "id": ""
                                    },
                                    "default_value": "",
                                    "placeholder": "",
                                    "prepend": "",
                                    "append": "",
                                    "maxlength": ""
                                },
                                {
                                    "key": "field_5aa8eebab1aa8",
                                    "label": "Package Table Columns",
                                    "name": "package_columns",
                                    "type": "repeater",
                                    "instructions": "Please input titles for the <strong>Contract Table Columns<\/strong>",
                                    "required": 1,
                                    "conditional_logic": [
                                        [
                                            {
                                                "field": "field_5aa8ec90b1aa1",
                                                "operator": "==",
                                                "value": "toggle"
                                            }
                                        ]
                                    ],
                                    "wrapper": {
                                        "width": "",
                                        "class": "",
                                        "id": ""
                                    },
                                    "collapsed": "",
                                    "min": 1,
                                    "max": 1,
                                    "layout": "table",
                                    "button_label": "",
                                    "sub_fields": [
                                        {
                                            "key": "field_5aa8ef35b1aa9",
                                            "label": "Column # 1",
                                            "name": "column1",
                                            "type": "text",
                                            "instructions": "",
                                            "required": 0,
                                            "conditional_logic": 0,
                                            "wrapper": {
                                                "width": "",
                                                "class": "",
                                                "id": ""
                                            },
                                            "default_value": "",
                                            "placeholder": "",
                                            "prepend": "",
                                            "append": "",
                                            "maxlength": ""
                                        },
                                        {
                                            "key": "field_5aa8ef4eb1aaa",
                                            "label": "Column # 2",
                                            "name": "column2",
                                            "type": "text",
                                            "instructions": "",
                                            "required": 0,
                                            "conditional_logic": 0,
                                            "wrapper": {
                                                "width": "",
                                                "class": "",
                                                "id": ""
                                            },
                                            "default_value": "",
                                            "placeholder": "",
                                            "prepend": "",
                                            "append": "",
                                            "maxlength": ""
                                        },
                                        {
                                            "key": "field_5aa8ef57b1aab",
                                            "label": "Column # 3",
                                            "name": "column3",
                                            "type": "text",
                                            "instructions": "",
                                            "required": 0,
                                            "conditional_logic": 0,
                                            "wrapper": {
                                                "width": "",
                                                "class": "",
                                                "id": ""
                                            },
                                            "default_value": "",
                                            "placeholder": "",
                                            "prepend": "",
                                            "append": "",
                                            "maxlength": ""
                                        }
                                    ]
                                },
                                {
                                    "key": "field_5aa8ed50b1aa4",
                                    "label": "Package Table",
                                    "name": "packages",
                                    "type": "repeater",
                                    "instructions": "There's no validation on the values or prefix\/suffixes. Values will be printed as is.",
                                    "required": 1,
                                    "conditional_logic": [
                                        [
                                            {
                                                "field": "field_5aa8ec90b1aa1",
                                                "operator": "==",
                                                "value": "toggle"
                                            }
                                        ]
                                    ],
                                    "wrapper": {
                                        "width": "",
                                        "class": "",
                                        "id": ""
                                    },
                                    "collapsed": "field_5aa8eda6b1aa5",
                                    "min": 0,
                                    "max": 0,
                                    "layout": "table",
                                    "button_label": "",
                                    "sub_fields": [
                                        {
                                            "key": "field_5aa9132126510",
                                            "label": "Package ID",
                                            "name": "id",
                                            "type": "number",
                                            "instructions": "ID of this package by which it'll be recognized on the signup link.",
                                            "required": 1,
                                            "conditional_logic": 0,
                                            "wrapper": {
                                                "width": "",
                                                "class": "",
                                                "id": ""
                                            },
                                            "default_value": "",
                                            "placeholder": "",
                                            "prepend": "",
                                            "append": "",
                                            "min": "",
                                            "max": "",
                                            "step": ""
                                        },
                                        {
                                            "key": "field_5aa8eda6b1aa5",
                                            "label": "Column # 1",
                                            "name": "column1",
                                            "type": "text",
                                            "instructions": "",
                                            "required": 0,
                                            "conditional_logic": 0,
                                            "wrapper": {
                                                "width": "",
                                                "class": "",
                                                "id": ""
                                            },
                                            "default_value": "",
                                            "placeholder": "",
                                            "prepend": "",
                                            "append": "",
                                            "maxlength": ""
                                        },
                                        {
                                            "key": "field_5aa8edb8b1aa6",
                                            "label": "Column # 2",
                                            "name": "column2",
                                            "type": "text",
                                            "instructions": "",
                                            "required": 0,
                                            "conditional_logic": 0,
                                            "wrapper": {
                                                "width": "",
                                                "class": "",
                                                "id": ""
                                            },
                                            "default_value": "",
                                            "placeholder": "",
                                            "prepend": "",
                                            "append": "",
                                            "maxlength": ""
                                        },
                                        {
                                            "key": "field_5aa8ee0db1aa7",
                                            "label": "Column # 3",
                                            "name": "column3",
                                            "type": "text",
                                            "instructions": "",
                                            "required": 0,
                                            "conditional_logic": 0,
                                            "wrapper": {
                                                "width": "",
                                                "class": "",
                                                "id": ""
                                            },
                                            "default_value": "",
                                            "placeholder": "",
                                            "prepend": "",
                                            "append": "",
                                            "maxlength": ""
                                        }
                                    ]
                                },
                                {
                                    "key": "field_5aa8efdeb1aac",
                                    "label": "Upsell Copy",
                                    "name": "upsell_copy",
                                    "type": "wysiwyg",
                                    "instructions": "Upsell Copy is printed after the Package Table. Example content \"<strong>Larger Customer? Check Our Volume Pricing<\/strong>\"",
                                    "required": 0,
                                    "conditional_logic": [
                                        [
                                            {
                                                "field": "field_5aa8ec90b1aa1",
                                                "operator": "==",
                                                "value": "toggle"
                                            }
                                        ]
                                    ],
                                    "wrapper": {
                                        "width": "",
                                        "class": "",
                                        "id": ""
                                    },
                                    "default_value": "",
                                    "tabs": "text",
                                    "toolbar": "basic",
                                    "media_upload": 0,
                                    "delay": 0
                                },
                                {
                                    "key": "field_5aa90d2e9534d",
                                    "label": "Signup Link",
                                    "name": "signup_link",
                                    "type": "url",
                                    "instructions": "",
                                    "required": 1,
                                    "conditional_logic": [
                                        [
                                            {
                                                "field": "field_5aa8ec90b1aa1",
                                                "operator": "==",
                                                "value": "toggle"
                                            }
                                        ]
                                    ],
                                    "wrapper": {
                                        "width": "",
                                        "class": "",
                                        "id": ""
                                    },
                                    "default_value": "",
                                    "placeholder": ""
                                },
                                {
                                    "key": "field_5aa90d499534e",
                                    "label": "Package Type",
                                    "name": "package_type",
                                    "type": "text",
                                    "instructions": "Unique identifier for this plan which is recognizable by the signup form.",
                                    "required": 1,
                                    "conditional_logic": 0,
                                    "wrapper": {
                                        "width": "",
                                        "class": "",
                                        "id": ""
                                    },
                                    "default_value": "",
                                    "placeholder": "",
                                    "prepend": "",
                                    "append": "",
                                    "maxlength": ""
                                }
                            ]
                        },
                        {
                            "key": "field_5aa8d8deb2b57",
                            "label": "Tailored Panel",
                            "name": "",
                            "type": "tab",
                            "instructions": "",
                            "required": 0,
                            "conditional_logic": 0,
                            "wrapper": {
                                "width": "",
                                "class": "",
                                "id": ""
                            },
                            "placement": "top",
                            "endpoint": 0
                        },
                        {
                            "key": "field_5aa8e110dc903",
                            "label": "Tailored Panel Visibility",
                            "name": "show_tailored_panel",
                            "type": "true_false",
                            "instructions": "Unchecking\/disabling this option will not print\/display the Tailored Panel and values of the following fields will be disregarded.",
                            "required": 0,
                            "conditional_logic": 0,
                            "wrapper": {
                                "width": "",
                                "class": "",
                                "id": ""
                            },
                            "message": "Show Tailored Panel?",
                            "default_value": 1,
                            "ui": 1,
                            "ui_on_text": "",
                            "ui_off_text": ""
                        },
                        {
                            "key": "field_5aa8d8f2b2b58",
                            "label": "Panel Heading",
                            "name": "tailored_heading",
                            "type": "text",
                            "instructions": "",
                            "required": 0,
                            "conditional_logic": 0,
                            "wrapper": {
                                "width": "",
                                "class": "",
                                "id": ""
                            },
                            "default_value": "",
                            "placeholder": "",
                            "prepend": "",
                            "append": "",
                            "maxlength": ""
                        },
                        {
                            "key": "field_5aa8d925b2b59",
                            "label": "Panel Icon",
                            "name": "tailored_icon",
                            "type": "image",
                            "instructions": "",
                            "required": 0,
                            "conditional_logic": 0,
                            "wrapper": {
                                "width": "",
                                "class": "",
                                "id": ""
                            },
                            "return_format": "id",
                            "preview_size": "thumbnail",
                            "library": "all",
                            "min_width": "",
                            "min_height": "",
                            "min_size": "",
                            "max_width": "",
                            "max_height": "",
                            "max_size": "",
                            "mime_types": ""
                        },
                        {
                            "key": "field_5aa8d942b2b5a",
                            "label": "Panel Description",
                            "name": "tailored_description",
                            "type": "textarea",
                            "instructions": "",
                            "required": 0,
                            "conditional_logic": 0,
                            "wrapper": {
                                "width": "",
                                "class": "",
                                "id": ""
                            },
                            "default_value": "",
                            "placeholder": "",
                            "maxlength": "",
                            "rows": 3,
                            "new_lines": "wpautop"
                        },
                        {
                            "key": "field_5aa8d961b2b5b",
                            "label": "Panel Features (bulleted)",
                            "name": "tailored_features",
                            "type": "repeater",
                            "instructions": "",
                            "required": 0,
                            "conditional_logic": 0,
                            "wrapper": {
                                "width": "",
                                "class": "",
                                "id": ""
                            },
                            "collapsed": "",
                            "min": 0,
                            "max": 0,
                            "layout": "table",
                            "button_label": "Add Feature",
                            "sub_fields": [
                                {
                                    "key": "field_5aa8d9ebb2b5c",
                                    "label": "Feature",
                                    "name": "feature",
                                    "type": "text",
                                    "instructions": "",
                                    "required": 0,
                                    "conditional_logic": 0,
                                    "wrapper": {
                                        "width": "",
                                        "class": "",
                                        "id": ""
                                    },
                                    "default_value": "",
                                    "placeholder": "",
                                    "prepend": "✔",
                                    "append": "",
                                    "maxlength": ""
                                }
                            ]
                        },
                        {
                            "key": "field_5aa8da63b2b5d",
                            "label": "Panel Button",
                            "name": "tailored_button",
                            "type": "link",
                            "instructions": "",
                            "required": 0,
                            "conditional_logic": 0,
                            "wrapper": {
                                "width": "",
                                "class": "",
                                "id": ""
                            },
                            "return_format": "array"
                        }
                    ],
                    "min": "",
                    "max": ""
                },
                "5aa92d38feed0": {
                    "key": "5aa92d38feed0",
                    "name": "content_image_block",
                    "label": "Content Block [Image + Content]",
                    "display": "block",
                    "sub_fields": [
                        {
                            "key": "field_5aa92d53feed1",
                            "label": "Image",
                            "name": "image",
                            "type": "image",
                            "instructions": "Image on left side",
                            "required": 0,
                            "conditional_logic": 0,
                            "wrapper": {
                                "width": "",
                                "class": "",
                                "id": ""
                            },
                            "return_format": "url",
                            "preview_size": "thumbnail",
                            "library": "all",
                            "min_width": "",
                            "min_height": "",
                            "min_size": "",
                            "max_width": "",
                            "max_height": "",
                            "max_size": "",
                            "mime_types": ""
                        },
                        {
                            "key": "field_5aa92d75feed2",
                            "label": "Content",
                            "name": "content",
                            "type": "wysiwyg",
                            "instructions": "Content on right side.",
                            "required": 1,
                            "conditional_logic": 0,
                            "wrapper": {
                                "width": "",
                                "class": "",
                                "id": ""
                            },
                            "default_value": "",
                            "tabs": "all",
                            "toolbar": "full",
                            "media_upload": 0,
                            "delay": 0
                        }
                    ],
                    "min": "",
                    "max": ""
                },
                "5aa93427add47": {
                    "key": "5aa93427add47",
                    "name": "content_full_width_block",
                    "label": "Content Block [No Image]",
                    "display": "block",
                    "sub_fields": [
                        {
                            "key": "field_5aa93427add49",
                            "label": "Content",
                            "name": "content",
                            "type": "wysiwyg",
                            "instructions": "Content on right side.",
                            "required": 1,
                            "conditional_logic": 0,
                            "wrapper": {
                                "width": "",
                                "class": "",
                                "id": ""
                            },
                            "default_value": "",
                            "tabs": "all",
                            "toolbar": "full",
                            "media_upload": 0,
                            "delay": 0
                        }
                    ],
                    "min": "",
                    "max": ""
                }
            },
            "button_label": "Add Block",
            "min": "",
            "max": ""
        }
    ],
    "location": [
        [
            {
                "param": "page_template",
                "operator": "==",
                "value": "page-templates\/page-composer.php"
            }
        ]
    ],
    "menu_order": 0,
    "position": "acf_after_title",
    "style": "default",
    "label_placement": "top",
    "instruction_placement": "label",
    "hide_on_screen": [
        "the_content"
    ],
    "active": 1,
    "description": "",
    "modified": 1521038672
}