{
    "key": "group_5a919a76a2f81",
    "title": "Body Classes",
    "fields": [
        {
            "key": "field_5a919a84d0970",
            "label": "CSS Body Classes",
            "name": "body_classes",
            "type": "text",
            "instructions": "Comma separated CSS classes to be injected to &lt;body&gt; tag.",
            "required": 0,
            "conditional_logic": 0,
            "wrapper": {
                "width": "",
                "class": "",
                "id": ""
            },
            "default_value": "",
            "placeholder": "",
            "prepend": "",
            "append": "",
            "maxlength": ""
        }
    ],
    "location": [
        [
            {
                "param": "post_type",
                "operator": "==",
                "value": "page"
            }
        ]
    ],
    "menu_order": 0,
    "position": "side",
    "style": "default",
    "label_placement": "top",
    "instruction_placement": "label",
    "hide_on_screen": "",
    "active": 1,
    "description": "",
    "modified": 1519491786
}