<?xml version="1.0"?>
<monthly>

	<event>
		<id>1</id>
		<name>College/Twenties Bible Study</name>
		<startdate>2015-12-1</startdate>
		<enddate></enddate>
		<color>black</color>
		<url></url>
	</event>
	<event>
		<id>2</id>
		<name>Youth Leaders' Meeting</name>
		<startdate>2015-12-7</startdate>
		<enddate></enddate>
		<color>black</color>
		<url></url>
	</event>
	<event>
		<id>3</id>
		<name>Outreach Team Meeting</name>
		<startdate>2015-12-13</startdate>
		<enddate></enddate>
		<color>black</color>
		<url></url>
	</event>
	<event>
		<id>4</id>
		<name>Mission Team Meeting</name>
		<startdate>2015-12-21</startdate>
		<enddate></enddate>
		<color>black</color>
		<url></url>
	</event>

 
</monthly>